organisation,url,sector
Aroturuki Tamariki,https://aroturuki.govt.nz/,Public Service Departmental Agencies
Cancer Control Agency,https://kupe.net.nz/,Public Service Departmental Agencies
Cancer Control Agency,https://teaho.govt.nz/,Public Service Departmental Agencies
Charter School Agency,https://www.charterschools.govt.nz/,Public Service Departmental Agencies
Crown Law Office,https://www.crownlaw.govt.nz/,Public Service Departments
Department of Conservation,https://api.doc.govt.nz/,Public Service Departments
Department of Conservation,https://app.birdbanding.doc.govt.nz/,Public Service Departments
Department of Conservation,https://blog.doc.govt.nz/,Public Service Departments
Department of Conservation,https://bookings.doc.govt.nz/web/,Public Service Departments
Department of Conservation,https://deptconservation.maps.arcgis.com/apps/Cascade/index.html?appid=28dd93dd20d04abb97f49ac481e4ac24,Public Service Departments
Department of Conservation,https://deptconservation.maps.arcgis.com/apps/Cascade/index.html?appid=7be926c68ac84cc4856c90dbb0cdcc14,Public Service Departments
Department of Conservation,https://deptconservation.maps.arcgis.com/apps/webappviewer/index.html?id=4299ffa07de9451994681b43b60ad95b,Public Service Departments
Department of Conservation,https://doc-deptconservation.opendata.arcgis.com/,Public Service Departments
Department of Conservation,https://doc.wd105.myworkdayjobs.com/DOC,Public Service Departments
Department of Conservation,https://ftp.doc.govt.nz/login,Public Service Departments
Department of Conservation,https://kakapo-recovery.raisely.com/,Public Service Departments
Department of Conservation,https://maps.doc.govt.nz/externalmaps/index.html?viewer=docmaps,Public Service Departments
Department of Conservation,https://maps.doc.govt.nz/externalmaps/index.html?viewer=pesticidesummary,Public Service Departments
Department of Conservation,https://maps.doc.govt.nz/externalmaps/index.html?viewer=whio,Public Service Departments
Department of Conservation,https://nztcs.org.nz/,Public Service Departments
Department of Conservation,https://paymyinfringement.doc.govt.nz/,Public Service Departments
Department of Conservation,https://permits-licences.doc.govt.nz/,Public Service Departments
Department of Conservation,https://permits-licences.doc.govt.nz/buy-fishing-licences/,Public Service Departments
Department of Conservation,https://permits-licences.doc.govt.nz/open-area-hunting/pick-regions/,Public Service Departments
Department of Conservation,https://storymaps.arcgis.com/stories/907003437c504c9e9402420d05d59aeb,Public Service Departments
Department of Conservation,https://www.doc.govt.nz/,Public Service Departments
Department of Corrections,https://careers.corrections.govt.nz/,Public Service Departments
Department of Corrections,https://inspectorate.corrections.govt.nz/,Public Service Departments
Department of Corrections,https://mahi.corrections.govt.nz/,Public Service Departments
Department of Corrections,https://www.corrections.govt.nz/,Public Service Departments
Department of Corrections,https://www.paroleboard.govt.nz/,Public Service Departments
Department of Internal Affairs,https://aml.dia.govt.nz/,Public Service Departments
Department of Internal Affairs,https://anyquestions.govt.nz/,Public Service Departments
Department of Internal Affairs,https://bdmhistoricalrecords.dia.govt.nz/,Public Service Departments
Department of Internal Affairs,https://bdmonline.dia.govt.nz/,Public Service Departments
Department of Internal Affairs,https://canterbury.royalcommission.govt.nz/,Public Service Departments
Department of Internal Affairs,https://catalogue.data.govt.nz/dataset,Public Service Departments
Department of Internal Affairs,https://celebrants.dia.govt.nz/,Public Service Departments
Department of Internal Affairs,https://certificates.services.govt.nz/,Public Service Departments
Department of Internal Affairs,https://christchurchattack.royalcommission.nz/,Public Service Departments
Department of Internal Affairs,https://collections.archives.govt.nz/,Public Service Departments
Department of Internal Affairs,https://data.govt.nz/,Public Service Departments
Department of Internal Affairs,https://deathdocs.services.govt.nz/,Public Service Departments
Department of Internal Affairs,https://developers.realme.govt.nz/,Public Service Departments
Department of Internal Affairs,https://dia.services.govt.nz/,Public Service Departments
Department of Internal Affairs,https://digitalnz.org/,Public Service Departments
Department of Internal Affairs,https://earlylearning.services.govt.nz/,Public Service Departments
Department of Internal Affairs,https://endoflife.services.govt.nz/,Public Service Departments
Department of Internal Affairs,https://fa-eqqg-saasfaprod1.fa.ocs.oraclecloud.com/hcmUI/CandidateExperience/en/sites/CX_1001,Public Service Departments
Department of Internal Affairs,https://gazette.govt.nz/,Public Service Departments
Department of Internal Affairs,https://govtnz.github.io/web-a11y-guidance/,Public Service Departments
Department of Internal Affairs,https://granted.govt.nz/,Public Service Departments
Department of Internal Affairs,https://jobs.govt.nz/,Public Service Departments
Department of Internal Affairs,https://mentalhealth.inquiry.govt.nz/,Public Service Departments
Department of Internal Affairs,https://natlib.govt.nz/,Public Service Departments
Department of Internal Affairs,https://natlib.govt.nz/support-us/te-puna-foundation,Public Service Departments
Department of Internal Affairs,https://operationburnham.inquiry.govt.nz/,Public Service Departments
Department of Internal Affairs,https://paperspast.natlib.govt.nz/,Public Service Departments
Department of Internal Affairs,https://pikeriver.royalcommission.govt.nz/,Public Service Departments
Department of Internal Affairs,https://readingambassador.nz/,Public Service Departments
Department of Internal Affairs,https://register.charities.govt.nz/CharitiesRegister/Search,Public Service Departments
Department of Internal Affairs,https://smartstart.services.govt.nz/,Public Service Departments
Department of Internal Affairs,https://theinteryeti.govt.nz/,Public Service Departments
Department of Internal Affairs,https://webarchive.natlib.govt.nz/,Public Service Departments
Department of Internal Affairs,https://wheturangitia.services.govt.nz/,Public Service Departments
Department of Internal Affairs,https://www.7726.govt.nz/,Public Service Departments
Department of Internal Affairs,https://www.abuseincare.org.nz/,Public Service Departments
Department of Internal Affairs,https://www.archives.govt.nz/,Public Service Departments
Department of Internal Affairs,https://www.ata.govt.nz/web/cms_ata.nsf,Public Service Departments
Department of Internal Affairs,https://www.beehive.govt.nz/,Public Service Departments
Department of Internal Affairs,https://www.charities.govt.nz/,Public Service Departments
Department of Internal Affairs,https://www.christchurchappealtrust.org.nz,Public Service Departments
Department of Internal Affairs,https://www.communitymatters.govt.nz/,Public Service Departments
Department of Internal Affairs,https://www.covid19lessons.royalcommission.nz/,Public Service Departments
Department of Internal Affairs,https://www.dia.govt.nz/,Public Service Departments
Department of Internal Affairs,https://www.digital.govt.nz/,Public Service Departments
Department of Internal Affairs,https://www.gamblingaotearoa.govt.nz/,Public Service Departments
Department of Internal Affairs,https://www.gamblingcommission.govt.nz/,Public Service Departments
Department of Internal Affairs,https://www.govt.nz/,Public Service Departments
Department of Internal Affairs,https://www.keepitrealonline.govt.nz/,Public Service Departments
Department of Internal Affairs,https://www.lgc.govt.nz/,Public Service Departments
Department of Internal Affairs,https://www.marketplace.govt.nz/,Public Service Departments
Department of Internal Affairs,https://www.passports.govt.nz/,Public Service Departments
Department of Internal Affairs,https://www.realme.govt.nz/,Public Service Departments
Department of Internal Affairs,https://www.reportspam.co.nz/,Public Service Departments
Department of Internal Affairs,https://www.stv.govt.nz/index.shtml,Public Service Departments
Department of Internal Affairs,https://www.survivorexperiences.govt.nz/,Public Service Departments
Department of the Prime Minister and Cabinet,https://consultation.dpmc.govt.nz/,Public Service Departments
Department of the Prime Minister and Cabinet,https://gg.govt.nz/,Public Service Departments
Department of the Prime Minister and Cabinet,https://www.dpmc.govt.nz/,Public Service Departments
Education Review Office,https://www.ero.govt.nz/,Public Service Departments
Education Review Office,https://www.evidence.ero.govt.nz/,Public Service Departments
Family Violence and Sexual Violence Executive Board,https://preventfvsv.govt.nz/,Public Service Interdepartmental Executive Boards
Financial Markets Authority,https://fadc.govt.nz/,Crown Entities - Independent Crown Entities
Financial Markets Authority,https://financialadvicecode.govt.nz,Crown Entities - Independent Crown Entities
Financial Markets Authority,https://fintech.govt.nz,Crown Entities - Independent Crown Entities
Financial Markets Authority,https://www.fma.govt.nz/,Crown Entities - Independent Crown Entities
Government Communications Security Bureau,https://beyondordinary.nzic.govt.nz/,Public Service Departments
Government Communications Security Bureau,https://nzism.gcsb.govt.nz/,Public Service Departments
Government Communications Security Bureau,https://www.gcsb.govt.nz/,Public Service Departments
Government Communications Security Bureau,https://www.ncsc.govt.nz/,Public Service Departments
Government Communications Security Bureau,https://www.nzic.govt.nz/,Public Service Departments
Government Communications Security Bureau,https://www.ownyouronline.govt.nz/,Public Service Departments
Health New Zealand,https://healthed.govt.nz/,Crown Entities - Crown Agents
Health New Zealand,https://info.health.nz/,Crown Entities - Crown Agents
Health New Zealand,https://info.health.nz/careers,Crown Entities - Crown Agents
Health New Zealand,https://info.health.nz/conditions-treatments/infectious-diseases/hepatitis-c/stick-it-to-hep-c,Crown Entities - Crown Agents
Health New Zealand,https://jobs.tewhatuora.govt.nz/jobtools/JnCustomLogin.Login?in_organid=19739,Crown Entities - Crown Agents
Health New Zealand,https://my.health.nz/,Crown Entities - Crown Agents
Health New Zealand,https://order.healthpromotion.govt.nz/,Crown Entities - Crown Agents
Health New Zealand,https://resources.alcohol.org.nz/,Crown Entities - Crown Agents
Health New Zealand,https://vapingfacts.health.nz/,Crown Entities - Crown Agents
Health New Zealand,https://www.alcohol.org.nz/,Crown Entities - Crown Agents
Health New Zealand,https://www.depression.org.nz,Crown Entities - Crown Agents
Health New Zealand,https://www.healthykids.org.nz/,Crown Entities - Crown Agents
Health New Zealand,https://www.nokuteao.org.nz/,Crown Entities - Crown Agents
Health New Zealand,https://www.safergambling.org.nz/,Crown Entities - Crown Agents
Health New Zealand,https://www.smallsteps.org.nz/,Crown Entities - Crown Agents
Health New Zealand,https://www.smokefree.org.nz/,Crown Entities - Crown Agents
Health New Zealand,https://www.tewhatuora.govt.nz/,Crown Entities - Crown Agents
Health New Zealand,https://www.thelowdown.co.nz/,Crown Entities - Crown Agents
Health New Zealand,https://www.wellbeingsupport.health.nz/,Crown Entities - Crown Agents
Inland Revenue Department,https://www.ird.govt.nz/,Public Service Departments
Inland Revenue Department,https://www.taxpolicy.ird.govt.nz/,Public Service Departments
Inland Revenue Department,https://www.taxtechnical.ird.govt.nz/,Public Service Departments
Land Information New Zealand,https://basemaps.linz.govt.nz/,Public Service Departments
Land Information New Zealand,https://careers.linz.govt.nz/,Public Service Departments
Land Information New Zealand,https://charts.linz.govt.nz/,Public Service Departments
Land Information New Zealand,https://data.linz.govt.nz/,Public Service Departments
Land Information New Zealand,https://encservice.linz.govt.nz/,Public Service Departments
Land Information New Zealand,https://gazetteer.linz.govt.nz/,Public Service Departments
Land Information New Zealand,https://lrs.linz.govt.nz/search/,Public Service Departments
Land Information New Zealand,https://oio.linz.govt.nz/,Public Service Departments
Land Information New Zealand,https://www.linz.govt.nz/,Public Service Departments
Ministry for Culture and Heritage,https://28maoribattalion.org.nz/,Public Service Departments
Ministry for Culture and Heritage,https://ngatapuwae.govt.nz/,Public Service Departments
Ministry for Culture and Heritage,https://nzhistory.govt.nz/,Public Service Departments
Ministry for Culture and Heritage,https://teara.govt.nz/,Public Service Departments
Ministry for Culture and Heritage,https://tetai.nz/,Public Service Departments
Ministry for Culture and Heritage,https://vietnamwar.govt.nz/,Public Service Departments
Ministry for Culture and Heritage,https://ww100.govt.nz/,Public Service Departments
Ministry for Culture and Heritage,https://www.mch.govt.nz/,Public Service Departments
Ministry for Culture and Heritage,https://www.mch.govt.nz/our-work/memorials-and-commemorations/oi-manawa-canterbury-earthquake-national-memorial,Public Service Departments
Ministry for Ethnic Communities,https://ethnicxchange.org.nz/,Public Service Departmental Agencies
Ministry for Ethnic Communities,https://www.ethniccommunities.govt.nz/,Public Service Departmental Agencies
Ministry for Pacific Peoples,https://katoatoa.mpp.govt.nz/,Public Service Departments
Ministry for Pacific Peoples,https://www.mpp.govt.nz/,Public Service Departments
Ministry for Primary Industries,https://apps.mpi.govt.nz/,Public Service Departments
Ministry for Primary Industries,https://globalresearchalliance.org/,Public Service Departments
Ministry for Primary Industries,https://marinebiosecurity.org.nz/,Public Service Departments
Ministry for Primary Industries,https://onzpr.mpi.govt.nz/,Public Service Departments
Ministry for Primary Industries,https://piersearch.mpi.govt.nz/,Public Service Departments
Ministry for Primary Industries,https://www.bionet.nz/,Public Service Departments
Ministry for Primary Industries,https://www.canopy.govt.nz/,Public Service Departments
Ministry for Primary Industries,https://www.groundrules.mpi.govt.nz/,Public Service Departments
Ministry for Primary Industries,https://www.kauriprotection.co.nz/,Public Service Departments
Ministry for Primary Industries,https://www.mpi.govt.nz/,Public Service Departments
Ministry for Primary Industries,https://www.myrtlerust.org.nz/,Public Service Departments
Ministry for Primary Industries,https://www.naeac.org.nz/,Public Service Departments
Ministry for Primary Industries,https://www.nawac.org.nz/,Public Service Departments
Ministry for Primary Industries,https://www.tuiatetaiao.nz/,Public Service Departments
Ministry for Primary Industries,https://www.workforceinsights.govt.nz/,Public Service Departments
Ministry for the Environment,https://careers.mfe.govt.nz/,Public Service Departments
Ministry for the Environment,https://consult.environment.govt.nz/,Public Service Departments
Ministry for the Environment,https://data.mfe.govt.nz,Public Service Departments
Ministry for the Environment,https://environment.govt.nz/,Public Service Departments
Ministry for the Environment,https://fms-cp.mfe-enquire.cloud/user/realme.html,Public Service Departments
Ministry for the Environment,https://mfe.maps.arcgis.com/home/index.html,Public Service Departments
Ministry for the Environment,https://open-data-mfe.hub.arcgis.com,Public Service Departments
Ministry for the Environment,https://wastelevy.govt.nz/,Public Service Departments
Ministry for the Environment,https://www.fmg.org.nz/,Public Service Departments
Ministry for the Environment,https://www.freshwaterplanning.govt.nz/,Public Service Departments
Ministry for the Environment,https://www.jobsfornature.govt.nz/,Public Service Departments
Ministry for the Environment,https://www.qualityplanning.org.nz/,Public Service Departments
Ministry for Women,https://www.women.govt.nz/,Public Service Departments
"Ministry of Business, Innovation and Employment",https://aca-auprod.accela.com/NZPAM/Welcome.aspx,Public Service Departments
"Ministry of Business, Innovation and Employment",https://app.businessregisters.govt.nz/,Public Service Departments
"Ministry of Business, Innovation and Employment",https://auctioneers.mbie.govt.nz/,Public Service Departments
"Ministry of Business, Innovation and Employment",https://codehub.building.govt.nz/,Public Service Departments
"Ministry of Business, Innovation and Employment",https://companies-register.companiesoffice.govt.nz/,Public Service Departments
"Ministry of Business, Innovation and Employment",https://ct-register.companiesoffice.govt.nz/,Public Service Departments
"Ministry of Business, Innovation and Employment",https://data.nzpam.govt.nz/permitwebmaps/,Public Service Departments
"Ministry of Business, Innovation and Employment",https://disclose-register.companiesoffice.govt.nz/,Public Service Departments
"Ministry of Business, Innovation and Employment",https://dispute.employment.govt.nz/app/Extra/Employment/Default.aspx,Public Service Departments
"Ministry of Business, Innovation and Employment",https://dispute.era.govt.nz/app/Extra/ERA/Default.aspx,Public Service Departments
"Ministry of Business, Innovation and Employment",https://dispute.tenancy.govt.nz/app/Extra/TenancyTribunal/Default.aspx,Public Service Departments
"Ministry of Business, Innovation and Employment",https://eab.business.govt.nz/employmentagreementbuilder/startscreen,Public Service Departments
"Ministry of Business, Innovation and Employment",https://epbr.building.govt.nz/,Public Service Departments
"Ministry of Business, Innovation and Employment",https://fsp-register.companiesoffice.govt.nz/,Public Service Departments
"Ministry of Business, Innovation and Employment",https://fuelquality.tradingstandards.govt.nz/,Public Service Departments
"Ministry of Business, Innovation and Employment",https://is-register.companiesoffice.govt.nz/,Public Service Departments
"Ministry of Business, Innovation and Employment",https://jobs.mbie.govt.nz/,Public Service Departments
"Ministry of Business, Innovation and Employment",https://learning.building.govt.nz/,Public Service Departments
"Ministry of Business, Innovation and Employment",https://learning.procurement.govt.nz/,Public Service Departments
"Ministry of Business, Innovation and Employment",https://learning.tradingstandards.govt.nz/login/,Public Service Departments
"Ministry of Business, Innovation and Employment",https://lp-register.companiesoffice.govt.nz/,Public Service Departments
"Ministry of Business, Innovation and Employment",https://mbienz.shinyapps.io/labour-market-dashboard_prod/,Public Service Departments
"Ministry of Business, Innovation and Employment",https://mbienz.shinyapps.io/migration_data_explorer/,Public Service Departments
"Ministry of Business, Innovation and Employment",https://mbienz.shinyapps.io/RegionalFactsheets/,Public Service Departments
"Ministry of Business, Innovation and Employment",https://mbienz.shinyapps.io/sector_report_prod/,Public Service Departments
"Ministry of Business, Innovation and Employment",https://mineplans.nzpam.govt.nz/,Public Service Departments
"Ministry of Business, Innovation and Employment",https://nzeta.immigration.govt.nz/,Public Service Departments
"Ministry of Business, Innovation and Employment",https://onlineservices.immigration.govt.nz/,Public Service Departments
"Ministry of Business, Innovation and Employment",https://pitau.mbie.govt.nz/,Public Service Departments
"Ministry of Business, Innovation and Employment",https://poolinspectors.mbie.govt.nz/,Public Service Departments
"Ministry of Business, Innovation and Employment",https://portal.api.business.govt.nz/,Public Service Departments
"Ministry of Business, Innovation and Employment",https://ppsr.companiesoffice.govt.nz/,Public Service Departments
"Ministry of Business, Innovation and Employment",https://rrf.rsm.govt.nz/ui?state=1,Public Service Departments
"Ministry of Business, Innovation and Employment",https://rtab.tenancy.govt.nz/tenancybuilder/startscreen,Public Service Departments
"Ministry of Business, Innovation and Employment",https://skillfinder.immigration.govt.nz/,Public Service Departments
"Ministry of Business, Innovation and Employment",https://support.api.business.govt.nz/s/,Public Service Departments
"Ministry of Business, Innovation and Employment",https://tools.tenancy.govt.nz/heating-tool,Public Service Departments
"Ministry of Business, Innovation and Employment",https://tools.tenancy.govt.nz/lodge-your-bond,Public Service Departments
"Ministry of Business, Innovation and Employment",https://trademeasurement.tradingstandards.govt.nz/,Public Service Departments
"Ministry of Business, Innovation and Employment",https://webrear.mbie.govt.nz/summary/new-zealand,Public Service Departments
"Ministry of Business, Innovation and Employment",https://workplacerepository.mbie.govt.nz/,Public Service Departments
"Ministry of Business, Innovation and Employment",https://wpb.business.govt.nz/workplacepolicybuilder/startscreen,Public Service Departments
"Ministry of Business, Innovation and Employment",https://www.betterforbusiness.govt.nz/,Public Service Departments
"Ministry of Business, Innovation and Employment",https://www.betterrules.govt.nz/,Public Service Departments
"Ministry of Business, Innovation and Employment",https://www.building.govt.nz/,Public Service Departments
"Ministry of Business, Innovation and Employment",https://www.business.govt.nz/,Public Service Departments
"Ministry of Business, Innovation and Employment",https://www.businessconnect.govt.nz/,Public Service Departments
"Ministry of Business, Innovation and Employment",https://www.canibuildit.govt.nz/,Public Service Departments
"Ministry of Business, Innovation and Employment",https://www.companies.gov.nu/,Public Service Departments
"Ministry of Business, Innovation and Employment",https://www.companiesoffice.govt.nz/,Public Service Departments
"Ministry of Business, Innovation and Employment",https://www.companiesoffice.govt.nz/all-registers/approved-overseas-auditors-and-associations-of-accountants/,Public Service Departments
"Ministry of Business, Innovation and Employment",https://www.companiesoffice.govt.nz/all-registers/auditors/,Public Service Departments
"Ministry of Business, Innovation and Employment",https://www.companiesoffice.govt.nz/all-registers/building-societies/,Public Service Departments
"Ministry of Business, Innovation and Employment",https://www.companiesoffice.govt.nz/all-registers/contributory-mortgage-brokers/,Public Service Departments
"Ministry of Business, Innovation and Employment",https://www.companiesoffice.govt.nz/all-registers/credit-unions/,Public Service Departments
"Ministry of Business, Innovation and Employment",https://www.companiesoffice.govt.nz/all-registers/friendly-societies/,Public Service Departments
"Ministry of Business, Innovation and Employment",https://www.companiesoffice.govt.nz/all-registers/industrial-and-provident-societies/,Public Service Departments
"Ministry of Business, Innovation and Employment",https://www.companiesoffice.govt.nz/all-registers/insolvency-practitioners/,Public Service Departments
"Ministry of Business, Innovation and Employment",https://www.companiesoffice.govt.nz/all-registers/overseas-issuers/,Public Service Departments
"Ministry of Business, Innovation and Employment",https://www.companiesoffice.govt.nz/all-registers/participatory-securities/,Public Service Departments
"Ministry of Business, Innovation and Employment",https://www.companiesoffice.govt.nz/all-registers/registered-unions/,Public Service Departments
"Ministry of Business, Innovation and Employment",https://www.companiesoffice.govt.nz/all-registers/retirement-villages/,Public Service Departments
"Ministry of Business, Innovation and Employment",https://www.companiesoffice.govt.nz/all-registers/superannuation-schemes/,Public Service Departments
"Ministry of Business, Innovation and Employment",https://www.companiesoffice.govt.nz/all-registers/unit-trusts/,Public Service Departments
"Ministry of Business, Innovation and Employment",https://www.consumerprotection.govt.nz/,Public Service Departments
"Ministry of Business, Innovation and Employment",https://www.einvoicing.govt.nz/,Public Service Departments
"Ministry of Business, Innovation and Employment",https://www.employment.govt.nz/,Public Service Departments
"Ministry of Business, Innovation and Employment",https://www.era.govt.nz/,Public Service Departments
"Ministry of Business, Innovation and Employment",https://www.ewrb.govt.nz/,Public Service Departments
"Ministry of Business, Innovation and Employment",https://www.gets.govt.nz/ExternalIndex.htm,Public Service Departments
"Ministry of Business, Innovation and Employment",https://www.gobusiness.govt.nz/,Public Service Departments
"Ministry of Business, Innovation and Employment",https://www.gpg.govt.nz/,Public Service Departments
"Ministry of Business, Innovation and Employment",https://www.growregions.govt.nz/,Public Service Departments
"Ministry of Business, Innovation and Employment",https://www.iaa.govt.nz/,Public Service Departments
"Ministry of Business, Innovation and Employment",https://www.immigration.govt.nz/,Public Service Departments
"Ministry of Business, Innovation and Employment",https://www.insolvency.govt.nz/,Public Service Departments
"Ministry of Business, Innovation and Employment",https://www.iponz.govt.nz/,Public Service Departments
"Ministry of Business, Innovation and Employment",https://www.lbp.govt.nz/,Public Service Departments
"Ministry of Business, Innovation and Employment",https://www.majorevents.govt.nz/,Public Service Departments
"Ministry of Business, Innovation and Employment",https://www.mbie.govt.nz/,Public Service Departments
"Ministry of Business, Innovation and Employment",https://www.mbie.govt.nz/business-and-employment/economic-growth/going-for-growth,Public Service Departments
"Ministry of Business, Innovation and Employment",https://www.mbieinformationresources.com/,Public Service Departments
"Ministry of Business, Innovation and Employment",https://www.motortraders.govt.nz/    ,Public Service Departments
"Ministry of Business, Innovation and Employment",https://www.nzbn.govt.nz/,Public Service Departments
"Ministry of Business, Innovation and Employment",https://www.nzcrs.govt.nz/,Public Service Departments
"Ministry of Business, Innovation and Employment",https://www.nzpam.govt.nz/,Public Service Departments
"Ministry of Business, Innovation and Employment",https://www.nzrelay.co.nz/,Public Service Departments
"Ministry of Business, Innovation and Employment",https://www.procurement.govt.nz/,Public Service Departments
"Ministry of Business, Innovation and Employment",https://www.productsafety.govt.nz/,Public Service Departments
"Ministry of Business, Innovation and Employment",https://www.remauthority.govt.nz/,Public Service Departments
"Ministry of Business, Innovation and Employment",https://www.rsm.govt.nz/,Public Service Departments
"Ministry of Business, Innovation and Employment",https://www.skillsinconstruction.govt.nz/,Public Service Departments
"Ministry of Business, Innovation and Employment",https://www.standards.govt.nz/,Public Service Departments
"Ministry of Business, Innovation and Employment",https://www.tas.mbie.govt.nz/,Public Service Departments
"Ministry of Business, Innovation and Employment",https://www.tenancy.govt.nz/,Public Service Departments
"Ministry of Business, Innovation and Employment",https://www.tools.business.govt.nz/boost/,Public Service Departments
"Ministry of Business, Innovation and Employment",https://www.tools.business.govt.nz/cashflow-forecaster/,Public Service Departments
"Ministry of Business, Innovation and Employment",https://www.tools.business.govt.nz/climate/,Public Service Departments
"Ministry of Business, Innovation and Employment",https://www.tools.business.govt.nz/do-business-online/,Public Service Departments
"Ministry of Business, Innovation and Employment",https://www.tools.business.govt.nz/funding-explorer/,Public Service Departments
"Ministry of Business, Innovation and Employment",https://www.tradingstandards.govt.nz/,Public Service Departments
"Ministry of Business, Innovation and Employment",https://www.travellerdeclaration.govt.nz/,Public Service Departments
"Ministry of Business, Innovation and Employment",https://www.unittitles.govt.nz/,Public Service Departments
Ministry of Defence,https://jobs.defence.govt.nz/home,Public Service Departments
Ministry of Defence,https://www.defence.govt.nz/,Public Service Departments
Ministry of Education,https://aotearoahistories.education.govt.nz/,Public Service Departments
Ministry of Education,https://applications.education.govt.nz/,Public Service Departments
Ministry of Education,https://bullyingfree.nz/,Public Service Departments
Ministry of Education,https://careers.education.govt.nz/,Public Service Departments
Ministry of Education,https://curriculumprogresstools.education.govt.nz/,Public Service Departments
Ministry of Education,https://designsystem.education.govt.nz/,Public Service Departments
Ministry of Education,https://evaluationhub.education.govt.nz/,Public Service Departments
Ministry of Education,https://gazette.education.govt.nz/,Public Service Departments
Ministry of Education,https://hepikorua.education.govt.nz/,Public Service Departments
Ministry of Education,https://inclusive.tki.org.nz/,Public Service Departments
Ministry of Education,https://iya.education.govt.nz/login,Public Service Departments
Ministry of Education,https://kaorakaako.education.govt.nz/,Public Service Departments
Ministry of Education,https://kauwhatareo.govt.nz/,Public Service Departments
Ministry of Education,https://kowhiti-whakapae.education.govt.nz/,Public Service Departments
Ministry of Education,https://learningfromhome.govt.nz/,Public Service Departments
Ministry of Education,https://ministrycareers.education.govt.nz,Public Service Departments
Ministry of Education,https://ncea.education.govt.nz/,Public Service Departments
Ministry of Education,https://newzealandcurriculum.tahurangi.education.govt.nz/,Public Service Departments
Ministry of Education,https://newzealandcurriculum.tahurangi.education.govt.nz/new-zealand-curriculum-online/teaching-support/pathways-and-transitions/5637164076.c,Public Service Departments
Ministry of Education,https://paekupu.co.nz/,Public Service Departments
Ministry of Education,https://pld.education.govt.nz/,Public Service Departments
Ministry of Education,https://pokapuu.education.govt.nz/Security/login?BackURL=%2F,Public Service Departments
Ministry of Education,https://portal.zero.govt.nz/0ecf2ab113c023c8de862f3822ad4687/,Public Service Departments
Ministry of Education,https://powerupplus.education.govt.nz/,Public Service Departments
Ministry of Education,https://school-leavers-toolkit.education.govt.nz/,Public Service Departments
Ministry of Education,https://terito.govt.nz/,Public Service Departments
Ministry of Education,https://tuiaeducation.org.nz/,Public Service Departments
Ministry of Education,https://workforce.education.govt.nz,Public Service Departments
Ministry of Education,https://www.education.govt.nz/,Public Service Departments
Ministry of Education,https://www.educationcounts.govt.nz/home,Public Service Departments
Ministry of Education,https://www.tki.org.nz/,Public Service Departments
Ministry of Education,https://youthguarantee.education.govt.nz,Public Service Departments
Ministry of Foreign Affairs and Trade,https://devdata.mfat.govt.nz/,Public Service Departments
Ministry of Foreign Affairs and Trade,https://register.safetravel.govt.nz/login,Public Service Departments
Ministry of Foreign Affairs and Trade,https://services-exporter-tool.govt.nz/,Public Service Departments
Ministry of Foreign Affairs and Trade,https://treaties.mfat.govt.nz/,Public Service Departments
Ministry of Foreign Affairs and Trade,https://vacancies.mfat.govt.nz/,Public Service Departments
Ministry of Foreign Affairs and Trade,https://www.mfat.govt.nz/,Public Service Departments
Ministry of Foreign Affairs and Trade,https://www.safetravel.govt.nz/,Public Service Departments
Ministry of Foreign Affairs and Trade,https://www.tariff-finder.govt.nz/,Public Service Departments
Ministry of Foreign Affairs and Trade,https://www.tradebarriers.govt.nz/,Public Service Departments
Ministry of Health,https://acart.health.govt.nz/,Public Service Departments
Ministry of Health,https://consult.health.govt.nz/,Public Service Departments
Ministry of Health,https://ecart.health.govt.nz/,Public Service Departments
Ministry of Health,https://ethics.health.govt.nz/,Public Service Departments
Ministry of Health,https://health.wd105.myworkdayjobs.com/External,Public Service Departments
Ministry of Health,https://minhealthnz.shinyapps.io/national-gambling-study-data-explorer/,Public Service Departments
Ministry of Health,https://minhealthnz.shinyapps.io/nz-health-survey-2014-15-biomedical/,Public Service Departments
Ministry of Health,https://minhealthnz.shinyapps.io/nz-health-survey-2014-15-srh-data-explorer/,Public Service Departments
Ministry of Health,https://minhealthnz.shinyapps.io/nz-health-survey-2015-16-tobacco-data-explorer/,Public Service Departments
Ministry of Health,https://minhealthnz.shinyapps.io/nz-health-survey-2016-17-mental-health-explorer/,Public Service Departments
Ministry of Health,https://minhealthnz.shinyapps.io/nz-health-survey-2017-20-regional-update/,Public Service Departments
Ministry of Health,https://minhealthnz.shinyapps.io/nz-health-survey-2022-23-mental-health-data-explorer/,Public Service Departments
Ministry of Health,https://minhealthnz.shinyapps.io/nz-health-survey-2023-24-annual-data-explorer/,Public Service Departments
Ministry of Health,https://neac.health.govt.nz/,Public Service Departments
Ministry of Health,https://tatai.maori.nz/,Public Service Departments
Ministry of Health,https://tatou.health.govt.nz/,Public Service Departments
Ministry of Health,https://www.health.govt.nz/,Public Service Departments
Ministry of Health,https://www.medsafe.govt.nz/,Public Service Departments
Ministry of Housing and Urban Development,https://www.chra.hud.govt.nz/,Public Service Departments
Ministry of Housing and Urban Development,https://www.hud.govt.nz/,Public Service Departments
Ministry of Justice,https://apply.justice.govt.nz/,Public Service Departments
Ministry of Justice,https://chiefvictimsadvisor.justice.govt.nz/,Public Service Departments
Ministry of Justice,https://consultations.justice.govt.nz/,Public Service Departments
Ministry of Justice,https://coronerscourt.govt.nz/,Public Service Departments
Ministry of Justice,https://hearings.courtsofnz.govt.nz/,Public Service Departments
Ministry of Justice,https://humanrights.govt.nz/,Public Service Departments
Ministry of Justice,https://jcc.govt.nz/,Public Service Departments
Ministry of Justice,https://pjsp.govt.nz/,Public Service Departments
Ministry of Justice,https://sexualviolence.victimsinfo.govt.nz/,Public Service Departments
Ministry of Justice,https://tekura.courts.govt.nz/,Public Service Departments
Ministry of Justice,https://victimsinfo.govt.nz/,Public Service Departments
Ministry of Justice,https://www.courtsofnz.govt.nz/,Public Service Departments
Ministry of Justice,https://www.disputestribunal.govt.nz/,Public Service Departments
Ministry of Justice,https://www.districtcourts.govt.nz/,Public Service Departments
Ministry of Justice,https://www.employmentcourt.govt.nz/,Public Service Departments
Ministry of Justice,https://www.environmentcourt.govt.nz/,Public Service Departments
Ministry of Justice,https://www.justice.govt.nz/,Public Service Departments
Ministry of Justice,https://www.pds.govt.nz/,Public Service Departments
Ministry of Justice,https://www.waitangitribunal.govt.nz/,Public Service Departments
Ministry of Justice,https://www.xn--morilandcourt-wqb.govt.nz/,Public Service Departments
Ministry of Justice,https://www.youthcourt.govt.nz/home-2/,Public Service Departments
Ministry of Justice,https://www2.justice.govt.nz/elibsonline/,Public Service Departments
Ministry of Regulation,https://careers.regulation.govt.nz/,Public Service Departments
Ministry of Regulation,https://consultation.regulation.govt.nz/,Public Service Departments
Ministry of Regulation,https://www.regulation.govt.nz/,Public Service Departments
Ministry of Social Development,https://annualreport2021.msd.govt.nz/,Public Service Departments
Ministry of Social Development,https://api.msd.govt.nz/,Public Service Departments
Ministry of Social Development,https://businessonlineservices.msd.govt.nz/bos/MSDProviderLogon.jsp,Public Service Departments
Ministry of Social Development,https://check.msd.govt.nz/,Public Service Departments
Ministry of Social Development,https://digitalpassport.co.nz/,Public Service Departments
Ministry of Social Development,https://digitalsuite.co.nz/,Public Service Departments
Ministry of Social Development,https://ea.analytics.msd.govt.nz/,Public Service Departments
Ministry of Social Development,https://etuwhanau.org.nz/,Public Service Departments
Ministry of Social Development,https://findajob.msd.govt.nz/,Public Service Departments
Ministry of Social Development,https://form.abuseincaretopups.govt.nz/online_forms/top_up_resolved_claim_form/new,Public Service Departments
Ministry of Social Development,https://forum.changeispossible.org.nz/,Public Service Departments
Ministry of Social Development,https://jobs.msd.govt.nz/,Public Service Departments
Ministry of Social Development,https://my.msd.govt.nz/,Public Service Departments
Ministry of Social Development,https://my.studylink.govt.nz/my/studylink/help/general-info.html,Public Service Departments
Ministry of Social Development,https://my.studylink.govt.nz/mystudylink/logon_mobile.html,Public Service Departments
Ministry of Social Development,https://my.studylink.govt.nz/mystudylink/logon.html,Public Service Departments
Ministry of Social Development,https://pasefikaproud.co.nz/,Public Service Departments
Ministry of Social Development,https://providers.youthservice.govt.nz/,Public Service Departments
Ministry of Social Development,https://services.workandincome.govt.nz/ua/supplier_registration,Public Service Departments
Ministry of Social Development,https://sft.org.nz/,Public Service Departments
Ministry of Social Development,https://tehekemai.co.nz/,Public Service Departments
Ministry of Social Development,https://www.abuseincaretopups.govt.nz/,Public Service Departments
Ministry of Social Development,https://www.areyouok.org.nz/,Public Service Departments
Ministry of Social Development,https://www.areyouok.org.nz/check-it-out/,Public Service Departments
Ministry of Social Development,https://www.changeispossible.org.nz/,Public Service Departments
Ministry of Social Development,https://www.connect.co.nz/,Public Service Departments
Ministry of Social Development,https://www.connected.govt.nz/,Public Service Departments
Ministry of Social Development,https://www.disabilitysupport.govt.nz/,Public Service Departments
Ministry of Social Development,https://www.familyservices.govt.nz/directory/,Public Service Departments
Ministry of Social Development,https://www.fincap.org.nz/,Public Service Departments
Ministry of Social Development,https://www.heartlandservices.govt.nz/ ,Public Service Departments
Ministry of Social Development,https://www.jobsandskillshubs.govt.nz/,Public Service Departments
Ministry of Social Development,https://www.lovebetter.org.nz/,Public Service Departments
Ministry of Social Development,https://www.lovecreep.nz/,Public Service Departments
Ministry of Social Development,https://www.moneymanagementsuppliers.workandincome.govt.nz/,Public Service Departments
Ministry of Social Development,https://www.moneytalks.co.nz/,Public Service Departments
Ministry of Social Development,https://www.msd.govt.nz/,Public Service Departments
Ministry of Social Development,https://www.myd.govt.nz/,Public Service Departments
Ministry of Social Development,https://www.officeforseniors.govt.nz/,Public Service Departments
Ministry of Social Development,https://www.providers.studylink.govt.nz/,Public Service Departments
Ministry of Social Development,https://www.safetotalk.nz/,Public Service Departments
Ministry of Social Development,https://www.studylink.govt.nz/,Public Service Departments
Ministry of Social Development,https://www.supergold.govt.nz/,Public Service Departments
Ministry of Social Development,https://www.tehaorangahau.msd.govt.nz/,Public Service Departments
Ministry of Social Development,https://www.workandincome.govt.nz/,Public Service Departments
Ministry of Social Development,https://www.workandincome.govt.nz/map/index.html,Public Service Departments
Ministry of Social Development,https://www.xn--tekhuikhu-7bbe.govt.nz/,Public Service Departments
Ministry of Social Development,https://www.youthservice.govt.nz/,Public Service Departments
Ministry of Transport,https://nzsar-resources.org.nz/,Public Service Departments
Ministry of Transport,https://www.adventuresmart.nz/,Public Service Departments
Ministry of Transport,https://www.knowledgehub.transport.govt.nz/,Public Service Departments
Ministry of Transport,https://www.maliat.govt.nz/,Public Service Departments
Ministry of Transport,https://www.nzsar.govt.nz/,Public Service Departments
Ministry of Transport,https://www.transport.govt.nz/,Public Service Departments
National Emergency Management Agency,https://ar.getready.govt.nz/,Public Service Departmental Agencies
National Emergency Management Agency,https://ci.getready.govt.nz/,Public Service Departmental Agencies
National Emergency Management Agency,https://er.getready.govt.nz/,Public Service Departmental Agencies
National Emergency Management Agency,https://es.getready.govt.nz/,Public Service Departmental Agencies
National Emergency Management Agency,https://getready.govt.nz/,Public Service Departmental Agencies
National Emergency Management Agency,https://hi.getready.govt.nz/,Public Service Departmental Agencies
National Emergency Management Agency,https://ja.getready.govt.nz/,Public Service Departmental Agencies
National Emergency Management Agency,https://mi.getready.govt.nz/,Public Service Departmental Agencies
National Emergency Management Agency,https://nu.getready.govt.nz/,Public Service Departmental Agencies
National Emergency Management Agency,https://nzsl.getready.govt.nz/,Public Service Departmental Agencies
National Emergency Management Agency,https://pa.getready.govt.nz/,Public Service Departmental Agencies
National Emergency Management Agency,https://sm.getready.govt.nz/,Public Service Departmental Agencies
National Emergency Management Agency,https://takatu.civildefence.govt.nz/,Public Service Departmental Agencies
National Emergency Management Agency,https://tl.getready.govt.nz/,Public Service Departmental Agencies
National Emergency Management Agency,https://to.getready.govt.nz/,Public Service Departmental Agencies
National Emergency Management Agency,https://www.civildefence.govt.nz/,Public Service Departmental Agencies
National Emergency Management Agency,https://zh-hans.getready.govt.nz/,Public Service Departmental Agencies
National Emergency Management Agency,https://zh-hant.getready.govt.nz/,Public Service Departmental Agencies
New Zealand Customs Service,https://careers.customs.govt.nz/home,Public Service Departments
New Zealand Customs Service,https://www.customs.govt.nz/,Public Service Departments
New Zealand Customs Service,https://www.tsw.govt.nz/external/application/login/app.html,Public Service Departments
New Zealand Defence Force,https://airforcemuseum.co.nz/,Non-Public Service Departments
New Zealand Defence Force,https://cadetforces.org.nz/,Non-Public Service Departments
New Zealand Defence Force,https://force4families.mil.nz/,Non-Public Service Departments
New Zealand Defence Force,https://health.nzdf.mil.nz/,Non-Public Service Departments
New Zealand Defence Force,https://navymuseum.co.nz/,Non-Public Service Departments
New Zealand Defence Force,https://www.armymuseum.co.nz/,Non-Public Service Departments
New Zealand Defence Force,https://www.cadetnet.org.nz/,Non-Public Service Departments
New Zealand Defence Force,https://www.defencecareers.mil.nz/,Non-Public Service Departments
New Zealand Defence Force,https://www.nzdf.mil.nz/nzdf/,Non-Public Service Departments
New Zealand Defence Force,https://www.veteransaffairs.mil.nz/,Non-Public Service Departments
New Zealand Police,https://www.newcops.govt.nz/,Non-Public Service Departments
New Zealand Police,https://www.police.govt.nz/,Non-Public Service Departments
New Zealand Security Intelligence Service,https://providinginformation.nzsis.govt.nz/,Public Service Departments
New Zealand Security Intelligence Service,https://www.nzsis.govt.nz/,Public Service Departments
New Zealand Security Intelligence Service,https://www.protectivesecurity.govt.nz/,Public Service Departments
Oranga Tamariki,https://mahi.orangatamariki.govt.nz/home,Public Service Departments
Oranga Tamariki,https://practice.orangatamariki.govt.nz/,Public Service Departments
Oranga Tamariki,https://www.childrensday.org.nz/,Public Service Departments
Oranga Tamariki,https://www.hcn.govt.nz/,Public Service Departments
Oranga Tamariki,https://www.orangatamariki.govt.nz/,Public Service Departments
Oranga Tamariki,https://www.orangatamarikiactionplan.govt.nz/,Public Service Departments
Oranga Tamariki,https://www.strengtheningfamilies.govt.nz/,Public Service Departments
Oranga Tamariki,https://youthwork.orangatamariki.govt.nz/,Public Service Departments
Parliamentary Counsel Office,https://disclosure.legislation.govt.nz/,Non-Public Service Departments
Parliamentary Counsel Office,https://www.ldac.org.nz/,Non-Public Service Departments
Parliamentary Counsel Office,https://www.legislation.govt.nz/,Non-Public Service Departments
Parliamentary Counsel Office,https://www.pco.govt.nz/,Non-Public Service Departments
Public Service Commission,https://gwn.govt.nz/,Public Service Departments
Public Service Commission,https://www.abuseinquiryresponse.govt.nz/,Public Service Departments
Public Service Commission,https://www.ldc.govt.nz/,Public Service Departments
Public Service Commission,https://www.publicservice.govt.nz/,Public Service Departments
Serious Fraud Office,https://www.sfo.govt.nz/,Public Service Departments
Social Investment Agency,https://thehub.sia.govt.nz/,Public Service Departments
Social Investment Agency,https://www.sia.govt.nz/,Public Service Departments
Statistics New Zealand,https://aria.stats.govt.nz/aria/,Public Service Departments
Statistics New Zealand,https://datainfoplus.stats.govt.nz/,Public Service Departments
Statistics New Zealand,https://explore.data.stats.govt.nz/,Public Service Departments
Statistics New Zealand,https://infoshare.stats.govt.nz,Public Service Departments
Statistics New Zealand,https://portal.apis.stats.govt.nz/,Public Service Departments
Statistics New Zealand,https://tools.summaries.stats.govt.nz/,Public Service Departments
Statistics New Zealand,https://www.stats.govt.nz,Public Service Departments
Te Puni Kōkiri,https://tehaeata.govt.nz/nau-mai-haere-mai-ki-te-haeata?destination=/kia-ora,Public Service Departments
Te Puni Kōkiri,https://www.tkm.govt.nz/,Public Service Departments
Te Puni Kōkiri,https://www.tpk.govt.nz/en,Public Service Departments
Te Puni Kōkiri,https://www.tupu.nz/,Public Service Departments
Te Tari Whakatau,https://maca-nds.maps.arcgis.com/apps/MapSeries/index.html?appid=1ed9665a8d2c4d38b4f9ddcb2d186f1b,Public Service Departmental Agencies
Te Tari Whakatau,https://maca-nds.maps.arcgis.com/home/index.html,Public Service Departmental Agencies
Te Tari Whakatau,https://whakatau.govt.nz/,Public Service Departmental Agencies
The Treasury,https://budget.govt.nz/,Public Service Departments
The Treasury,https://centralagenciesjobs.cass.govt.nz/home,Public Service Departments
The Treasury,https://debtmanagement.treasury.govt.nz/,Public Service Departments
The Treasury,https://exportcredit.treasury.govt.nz/,Public Service Departments
The Treasury,https://lsfdashboard.treasury.govt.nz/wellbeing/,Public Service Departments
The Treasury,https://www.boardappointments.co.nz/,Public Service Departments
The Treasury,https://www.treasury.govt.nz/,Public Service Departments
Whaikaha,https://www.nzsl.govt.nz/,Public Service Departments
Whaikaha,https://www.strategicintentions.whaikaha.govt.nz/,Public Service Departments
Whaikaha,https://www.supportmydecisions.nz/,Public Service Departments
Whaikaha,https://www.whaikaha.govt.nz/,Public Service Departments