organisation,base_url,number_of_pages,sector
Aroturuki Tamariki,https://aroturuki.govt.nz/,100,Crown Entities - Independent Crown Entities
Cancer Control Agency,https://kupe.net.nz/,17,Public Service Departmental Agencies
Cancer Control Agency,https://teaho.govt.nz/,100,Public Service Departmental Agencies
Charter School Agency,https://www.charterschools.govt.nz/,27,Public Service Departmental Agencies
Crown Law Office,https://www.crownlaw.govt.nz/,84,Public Service Departments
Department of Conservation,https://api.doc.govt.nz/,1,Public Service Departments
Department of Conservation,https://app.birdbanding.doc.govt.nz/,3,Public Service Departments
Department of Conservation,https://blog.doc.govt.nz/,100,Public Service Departments
Department of Conservation,https://bookings.doc.govt.nz/web/,4,Public Service Departments
Department of Conservation,https://deptconservation.maps.arcgis.com/apps/webappviewer/index.html?id=4299ffa07de9451994681b43b60ad95b,1,Public Service Departments
Department of Conservation,https://doc.wd105.myworkdayjobs.com/en-US/DOC/,100,Public Service Departments
Department of Conservation,https://doc-deptconservation.opendata.arcgis.com/,1,Public Service Departments
Department of Conservation,https://ftp.doc.govt.nz/login,2,Public Service Departments
Department of Conservation,https://kakapo-recovery.raiselysite.com/,100,Public Service Departments
Department of Conservation,https://maps.doc.govt.nz/externalmaps/index.html?viewer=docmaps,1,Public Service Departments
Department of Conservation,https://maps.doc.govt.nz/externalmaps/index.html?viewer=pesticidesummary,1,Public Service Departments
Department of Conservation,https://maps.doc.govt.nz/externalmaps/index.html?viewer=whio,1,Public Service Departments
Department of Conservation,https://nztcs.org.nz/,100,Public Service Departments
Department of Conservation,https://paymyinfringement.doc.govt.nz/,1,Public Service Departments
Department of Conservation,https://permits-licences.doc.govt.nz/,19,Public Service Departments
Department of Conservation,https://storymaps.arcgis.com/stories/907003437c504c9e9402420d05d59aeb,1,Public Service Departments
Department of Conservation,https://www.doc.govt.nz/,100,Public Service Departments
Department of Corrections,https://careers.corrections.govt.nz/,100,Public Service Departments
Department of Corrections,https://inspectorate.corrections.govt.nz/,100,Public Service Departments
Department of Corrections,https://mahi.corrections.govt.nz/,24,Public Service Departments
Department of Corrections,https://www.corrections.govt.nz/,100,Public Service Departments
Department of Corrections,https://www.paroleboard.govt.nz/,100,Public Service Departments
Department of Internal Affairs,https://aml.dia.govt.nz/,5,Public Service Departments
Department of Internal Affairs,https://anyquestions.govt.nz/,100,Public Service Departments
Department of Internal Affairs,https://bdmhistoricalrecords.dia.govt.nz/,27,Public Service Departments
Department of Internal Affairs,https://bdmonline.dia.govt.nz/,11,Public Service Departments
Department of Internal Affairs,https://canterbury.royalcommission.govt.nz/,100,Public Service Departments
Department of Internal Affairs,https://catalogue.data.govt.nz/dataset,100,Public Service Departments
Department of Internal Affairs,https://celebrants.dia.govt.nz/,2,Public Service Departments
Department of Internal Affairs,https://certificates.services.govt.nz/,3,Public Service Departments
Department of Internal Affairs,https://christchurchattack.royalcommission.nz/,100,Public Service Departments
Department of Internal Affairs,https://collections.archives.govt.nz/,51,Public Service Departments
Department of Internal Affairs,https://data.govt.nz/,100,Public Service Departments
Department of Internal Affairs,https://deathdocs.services.govt.nz/,9,Public Service Departments
Department of Internal Affairs,https://developers.realme.govt.nz/,58,Public Service Departments
Department of Internal Affairs,https://dia.services.govt.nz/,6,Public Service Departments
Department of Internal Affairs,https://digitalnz.org/,0,Public Service Departments
Department of Internal Affairs,https://docref.digital.govt.nz/,100,Public Service Departments
Department of Internal Affairs,https://earlylearning.services.govt.nz/,42,Public Service Departments
Department of Internal Affairs,https://endoflife.services.govt.nz/,10,Public Service Departments
Department of Internal Affairs,https://fa-eqqg-saasfaprod1.fa.ocs.oraclecloud.com/hcmUI/CandidateExperience/en/sites/CX_1001/,67,Public Service Departments
Department of Internal Affairs,https://gazette.govt.nz/,100,Public Service Departments
Department of Internal Affairs,https://govtnz.github.io/web-a11y-guidance/,100,Public Service Departments
Department of Internal Affairs,https://granted.govt.nz/,1,Public Service Departments
Department of Internal Affairs,https://jobs.govt.nz/,100,Public Service Departments
Department of Internal Affairs,https://mentalhealth.inquiry.govt.nz/,100,Public Service Departments
Department of Internal Affairs,https://natlib.govt.nz/,100,Public Service Departments
Department of Internal Affairs,https://natlib.govt.nz/support-us/te-puna-foundation/,7,Public Service Departments
Department of Internal Affairs,https://operationburnham.inquiry.govt.nz/,84,Public Service Departments
Department of Internal Affairs,https://paperspast.natlib.govt.nz/,100,Public Service Departments
Department of Internal Affairs,https://pikeriver.royalcommission.govt.nz/,64,Public Service Departments
Department of Internal Affairs,https://readingambassador.nz/,0,Public Service Departments
Department of Internal Affairs,https://register.charities.govt.nz/CharitiesRegister/Search,1,Public Service Departments
Department of Internal Affairs,https://smartstart.services.govt.nz/,33,Public Service Departments
Department of Internal Affairs,https://theinteryeti.govt.nz/,1,Public Service Departments
Department of Internal Affairs,https://webarchive.natlib.govt.nz/,6,Public Service Departments
Department of Internal Affairs,https://wheturangitia.services.govt.nz/,47,Public Service Departments
Department of Internal Affairs,https://www.7726.govt.nz/,6,Public Service Departments
Department of Internal Affairs,https://www.abuseincare.org.nz/,100,Public Service Departments
Department of Internal Affairs,https://www.archives.govt.nz/,100,Public Service Departments
Department of Internal Affairs,https://www.ata.govt.nz/web/cms_ata.nsf/,62,Public Service Departments
Department of Internal Affairs,https://www.beehive.govt.nz/,100,Public Service Departments
Department of Internal Affairs,https://www.charities.govt.nz/,100,Public Service Departments
Department of Internal Affairs,https://www.christchurchappealtrust.org.nz,25,Public Service Departments
Department of Internal Affairs,https://www.communitymatters.govt.nz/,100,Public Service Departments
Department of Internal Affairs,https://www.covid19lessons.royalcommission.nz/,100,Public Service Departments
Department of Internal Affairs,https://www.dia.govt.nz/,100,Public Service Departments
Department of Internal Affairs,https://www.digital.govt.nz/,100,Public Service Departments
Department of Internal Affairs,https://www.gamblingaotearoa.govt.nz/,2,Public Service Departments
Department of Internal Affairs,https://www.gamblingcommission.govt.nz/,100,Public Service Departments
Department of Internal Affairs,https://www.govt.nz/,100,Public Service Departments
Department of Internal Affairs,https://www.keepitrealonline.govt.nz/,100,Public Service Departments
Department of Internal Affairs,https://www.lgc.govt.nz/,100,Public Service Departments
Department of Internal Affairs,https://www.marketplace.govt.nz/,100,Public Service Departments
Department of Internal Affairs,https://www.passports.govt.nz/,30,Public Service Departments
Department of Internal Affairs,https://www.realme.govt.nz/,51,Public Service Departments
Department of Internal Affairs,https://www.reportspam.co.nz/,3,Public Service Departments
Department of Internal Affairs,https://www.stv.govt.nz/index.shtml,13,Public Service Departments
Department of Internal Affairs,https://www.survivorexperiences.govt.nz/,38,Public Service Departments
Department of the Prime Minister and Cabinet,https://careers.dpmc.govt.nz/search,0,Public Service Departments
Department of the Prime Minister and Cabinet,https://consultation.dpmc.govt.nz/,39,Public Service Departments
Department of the Prime Minister and Cabinet,https://gg.govt.nz/,100,Public Service Departments
Department of the Prime Minister and Cabinet,https://www.dpmc.govt.nz/,100,Public Service Departments
Education Review Office,https://www.ero.govt.nz/,100,Public Service Departments
Education Review Office,https://www.evidence.ero.govt.nz/,100,Public Service Departments
Family Violence and Sexual Violence Executive Board,https://preventfvsv.govt.nz/,52,Public Service Interdepartmental Executive Boards
Financial Markets Authority,https://fadc.govt.nz/,16,Crown Entities - Independent Crown Entities
Financial Markets Authority,https://financialadvicecode.govt.nz,13,Crown Entities - Independent Crown Entities
Financial Markets Authority,https://fintech.govt.nz,8,Crown Entities - Independent Crown Entities
Financial Markets Authority,https://www.fma.govt.nz/,100,Crown Entities - Independent Crown Entities
Government Communications Security Bureau,https://beyondordinary.nzic.govt.nz/,27,Public Service Departments
Government Communications Security Bureau,https://nzism.gcsb.govt.nz/,35,Public Service Departments
Government Communications Security Bureau,https://www.gcsb.govt.nz/,100,Public Service Departments
Government Communications Security Bureau,https://www.ncsc.govt.nz/,100,Public Service Departments
Government Communications Security Bureau,https://www.nzic.govt.nz/,3,Public Service Departments
Government Communications Security Bureau,https://www.ownyouronline.govt.nz/,100,Public Service Departments
Health New Zealand,https://healthed.govt.nz/,100,Crown Entities - Crown Agents
Health New Zealand,https://jobs.tewhatuora.govt.nz/jobtools/JnCustomLogin.Login?in_organid=19739,14,Crown Entities - Crown Agents
Health New Zealand,https://my.health.nz/,5,Crown Entities - Crown Agents
Health New Zealand,https://order.healthpromotion.govt.nz/,100,Crown Entities - Crown Agents
Health New Zealand,https://resources.alcohol.org.nz/,0,Crown Entities - Crown Agents
Health New Zealand,https://www.alcohol.org.nz/,0,Crown Entities - Crown Agents
Health New Zealand,https://www.depression.org.nz,51,Crown Entities - Crown Agents
Health New Zealand,https://www.healthnz.govt.nz/,100,Crown Entities - Crown Agents
Health New Zealand,https://www.nokuteao.org.nz/,58,Crown Entities - Crown Agents
Health New Zealand,https://www.safergambling.org.nz/,26,Crown Entities - Crown Agents
Health New Zealand,https://www.smallsteps.org.nz/,29,Crown Entities - Crown Agents
Health New Zealand,https://www.smokefree.org.nz/,97,Crown Entities - Crown Agents
Inland Revenue Department,https://www.ird.govt.nz/,100,Public Service Departments
Inland Revenue Department,https://www.taxpolicy.ird.govt.nz/,100,Public Service Departments
Inland Revenue Department,https://www.taxtechnical.ird.govt.nz/,100,Public Service Departments
Land Information New Zealand,https://basemaps.linz.govt.nz/,1,Public Service Departments
Land Information New Zealand,https://careers.linz.govt.nz/,20,Public Service Departments
Land Information New Zealand,https://charts.linz.govt.nz/,100,Public Service Departments
Land Information New Zealand,https://data.linz.govt.nz/,100,Public Service Departments
Land Information New Zealand,https://encservice.linz.govt.nz/,9,Public Service Departments
Land Information New Zealand,https://gazetteer.linz.govt.nz/,1,Public Service Departments
Land Information New Zealand,https://lrs.linz.govt.nz/search/,1,Public Service Departments
Land Information New Zealand,https://oio.linz.govt.nz/,15,Public Service Departments
Land Information New Zealand,https://www.linz.govt.nz/,100,Public Service Departments
Ministry for Culture and Heritage,https://28maoribattalion.org.nz/,100,Public Service Departments
Ministry for Culture and Heritage,https://ngatapuwae.govt.nz/,100,Public Service Departments
Ministry for Culture and Heritage,https://nzhistory.govt.nz/,100,Public Service Departments
Ministry for Culture and Heritage,https://teara.govt.nz/,100,Public Service Departments
Ministry for Culture and Heritage,https://tetai.nz/,100,Public Service Departments
Ministry for Culture and Heritage,https://vietnamwar.govt.nz/,100,Public Service Departments
Ministry for Culture and Heritage,https://ww100.govt.nz/,100,Public Service Departments
Ministry for Culture and Heritage,https://www.mch.govt.nz/,100,Public Service Departments
Ministry for Culture and Heritage,https://www.mch.govt.nz/our-work/memorials-and-commemorations/oi-manawa-canterbury-earthquake-national-memorial,2,Public Service Departments
Ministry for Ethnic Communities,https://ethnicxchange.org.nz/,1,Public Service Departmental Agencies
Ministry for Ethnic Communities,https://www.ethniccommunities.govt.nz/,100,Public Service Departmental Agencies
Ministry for Pacific Peoples,https://katoatoa.mpp.govt.nz/,1,Public Service Departments
Ministry for Pacific Peoples,https://www.mpp.govt.nz/,100,Public Service Departments
Ministry for Primary Industries,https://apps.mpi.govt.nz/,1,Public Service Departments
Ministry for Primary Industries,https://globalresearchalliance.org/,22,Public Service Departments
Ministry for Primary Industries,https://marinebiosecurity.org.nz/,78,Public Service Departments
Ministry for Primary Industries,https://onzpr.mpi.govt.nz/,7,Public Service Departments
Ministry for Primary Industries,https://piersearch.mpi.govt.nz/,16,Public Service Departments
Ministry for Primary Industries,https://www.bionet.nz/,60,Public Service Departments
Ministry for Primary Industries,https://www.canopy.govt.nz/,100,Public Service Departments
Ministry for Primary Industries,https://www.groundrules.mpi.govt.nz/,100,Public Service Departments
Ministry for Primary Industries,https://www.healthandsafety.govt.nz,100,Public Service Departments
Ministry for Primary Industries,https://www.kauriprotection.co.nz/,100,Public Service Departments
Ministry for Primary Industries,https://www.mpi.govt.nz/,100,Public Service Departments
Ministry for Primary Industries,https://www.myrtlerust.org.nz/,58,Public Service Departments
Ministry for Primary Industries,https://www.naeac.org.nz/,15,Public Service Departments
Ministry for Primary Industries,https://www.nawac.org.nz/,21,Public Service Departments
Ministry for Primary Industries,https://www.tuiatetaiao.nz/,31,Public Service Departments
Ministry for Primary Industries,https://www.wildingpines.nz/,100,Public Service Departments
Ministry for Primary Industries,https://www.workforceinsights.govt.nz/,100,Public Service Departments
Ministry for the Environment,https://careers.mfe.govt.nz/,15,Public Service Departments
Ministry for the Environment,https://consult.environment.govt.nz/,100,Public Service Departments
Ministry for the Environment,https://data.mfe.govt.nz,100,Public Service Departments
Ministry for the Environment,https://environment.govt.nz/,100,Public Service Departments
Ministry for the Environment,https://fms-cp.mfe-enquire.cloud/user/realme.html,1,Public Service Departments
Ministry for the Environment,https://mfe.maps.arcgis.com/home/index.html,1,Public Service Departments
Ministry for the Environment,https://open-data-mfe.hub.arcgis.com,1,Public Service Departments
Ministry for the Environment,https://wastelevy.govt.nz/,6,Public Service Departments
Ministry for the Environment,https://www.fmg.org.nz/,93,Public Service Departments
Ministry for the Environment,https://www.freshwaterplanning.govt.nz/,14,Public Service Departments
Ministry for the Environment,https://www.jobsfornature.govt.nz/,30,Public Service Departments
Ministry for the Environment,https://www.qualityplanning.org.nz/,100,Public Service Departments
Ministry for Women,https://www.women.govt.nz/,100,Public Service Departments
"Ministry of Business, Innovation and Employment",https://aca-auprod.accela.com/NZPAM/Welcome.aspx,5,Public Service Departments
"Ministry of Business, Innovation and Employment",https://app.businessregisters.govt.nz/,1,Public Service Departments
"Ministry of Business, Innovation and Employment",https://app.insolvency.govt.nz/ui/public/search/dro-register,1,Public Service Departments
"Ministry of Business, Innovation and Employment",https://app.insolvency.govt.nz/ui/public/search/insolvency-register,1,Public Service Departments
"Ministry of Business, Innovation and Employment",https://app.iponz.govt.nz/app/Extra/IP/TM/PublicSearch/PublicSearch.aspx?sid=639098611499880777&op=EXTRA_TM_PublicSearch&fcoOp=EXTRA_Default,100,Public Service Departments
"Ministry of Business, Innovation and Employment",https://app.mbieregisters.govt.nz/iaa/ui/start/searchForAnOccupationalRegistration,0,Public Service Departments
"Ministry of Business, Innovation and Employment",https://app.mbieregisters.govt.nz/mvtr/ui/start/searchTheRegister,0,Public Service Departments
"Ministry of Business, Innovation and Employment",https://auctioneers.mbie.govt.nz/,100,Public Service Departments
"Ministry of Business, Innovation and Employment",https://codehub.building.govt.nz/,100,Public Service Departments
"Ministry of Business, Innovation and Employment",https://companies-register.companiesoffice.govt.nz/,100,Public Service Departments
"Ministry of Business, Innovation and Employment",https://connect.procurement.govt.nz/,0,Public Service Departments
"Ministry of Business, Innovation and Employment",https://consultations.standards.govt.nz/,51,Public Service Departments
"Ministry of Business, Innovation and Employment",https://ct-register.companiesoffice.govt.nz/,44,Public Service Departments
"Ministry of Business, Innovation and Employment",https://determinations.era.govt.nz/determinations,31,Public Service Departments
"Ministry of Business, Innovation and Employment",https://disclose-register.companiesoffice.govt.nz/,100,Public Service Departments
"Ministry of Business, Innovation and Employment",https://dispute.employment.govt.nz/app/Extra/Employment/Default.aspx,1,Public Service Departments
"Ministry of Business, Innovation and Employment",https://dispute.era.govt.nz/app/Extra/ERA/Default.aspx,1,Public Service Departments
"Ministry of Business, Innovation and Employment",https://dispute.tenancy.govt.nz/app/Extra/TenancyTribunal/Default.aspx,1,Public Service Departments
"Ministry of Business, Innovation and Employment",https://eab.business.govt.nz/employmentagreementbuilder/startscreen,1,Public Service Departments
"Ministry of Business, Innovation and Employment",https://earlyresolution.employment.govt.nz/,1,Public Service Departments
"Ministry of Business, Innovation and Employment",https://epbr.building.govt.nz/,1,Public Service Departments
"Ministry of Business, Innovation and Employment",https://forge.callaghaninnovation.govt.nz/prweb/PRAuth/app/default/B6PIYiJh5GurSCmPu9_PnppG3kv3D5gbCQyAy7GtpfGx4p4uVXhGlw*/!STANDARD,2,Public Service Departments
"Ministry of Business, Innovation and Employment",https://fsp-register.companiesoffice.govt.nz/,76,Public Service Departments
"Ministry of Business, Innovation and Employment",https://fuelquality.tradingstandards.govt.nz/,24,Public Service Departments
"Ministry of Business, Innovation and Employment",https://geodata.nzpam.govt.nz/,100,Public Service Departments
"Ministry of Business, Innovation and Employment",https://gethelp.employment.govt.nz/,1,Public Service Departments
"Ministry of Business, Innovation and Employment",https://gis.nzpam.govt.nz/permitwebmaps/,1,Public Service Departments
"Ministry of Business, Innovation and Employment",https://gis.nzpam.govt.nz/portal/sharing/oauth2/authorize?client_id=arcgisonline&response_type=code&state=%7B%22portalUrl%22%3A%22https%3A%2F%2Fgis.nzpam.govt.nz%2Fportal%22%2C%22uid%22%3A%22UhWkh1FBLFROr7DEPACs16FSH-Uxi3aCgd-9Ch8jVdY%22%2C%22returnUrl%22%3A%22https%3A%2F%2Fgis.nzpam.govt.nz%2Fportal%2Fhome%2Findex.html%22%2C%22useLandingPage%22%3Afalse%2C%22clientId%22%3A%22arcgisonline%22%7D&expiration=20160&locale=en&redirect_uri=https%3A%2F%2Fgis.nzpam.govt.nz%2Fportal%2Fhome%2Faccountswitcher-callback.html,1,Public Service Departments
"Ministry of Business, Innovation and Employment",https://irctoolkit.mbie.govt.nz/,27,Public Service Departments
"Ministry of Business, Innovation and Employment",https://is-register.companiesoffice.govt.nz/,100,Public Service Departments
"Ministry of Business, Innovation and Employment",https://jobs.mbie.govt.nz/,100,Public Service Departments
"Ministry of Business, Innovation and Employment",https://kete.mbie.govt.nz/EW/EWPRSearch/,1,Public Service Departments
"Ministry of Business, Innovation and Employment",https://kete-lbp.mbie.govt.nz/,2,Public Service Departments
"Ministry of Business, Innovation and Employment",https://learning.building.govt.nz/,100,Public Service Departments
"Ministry of Business, Innovation and Employment",https://learning.procurement.govt.nz/,51,Public Service Departments
"Ministry of Business, Innovation and Employment",https://learning.tradingstandards.govt.nz/login/,0,Public Service Departments
"Ministry of Business, Innovation and Employment",https://mbienz.shinyapps.io/labour-market-dashboard_prod/,2,Public Service Departments
"Ministry of Business, Innovation and Employment",https://mbienz.shinyapps.io/migration_data_explorer/,2,Public Service Departments
"Ministry of Business, Innovation and Employment",https://mbienz.shinyapps.io/RegionalFactsheets/,1,Public Service Departments
"Ministry of Business, Innovation and Employment",https://mineplans.nzpam.govt.nz/,1,Public Service Departments
"Ministry of Business, Innovation and Employment",https://mybond.tenancy.govt.nz/,2,Public Service Departments
"Ministry of Business, Innovation and Employment",https://nzeta.immigration.govt.nz/,1,Public Service Departments
"Ministry of Business, Innovation and Employment",https://onlineservices.immigration.govt.nz/,6,Public Service Departments
"Ministry of Business, Innovation and Employment",https://pitau.mbie.govt.nz/,2,Public Service Departments
"Ministry of Business, Innovation and Employment",https://poolinspectors.mbie.govt.nz/,24,Public Service Departments
"Ministry of Business, Innovation and Employment",https://portal.api.business.govt.nz/,6,Public Service Departments
"Ministry of Business, Innovation and Employment",https://portal.miq.govt.nz/,1,Public Service Departments
"Ministry of Business, Innovation and Employment",https://portal.nzcrs.govt.nz/login.aspx,2,Public Service Departments
"Ministry of Business, Innovation and Employment",https://portal.temporaryaccommodation.mbie.govt.nz/Temporaryaccommodation/,1,Public Service Departments
"Ministry of Business, Innovation and Employment",https://ppsr.companiesoffice.govt.nz/,70,Public Service Departments
"Ministry of Business, Innovation and Employment",https://rrf.rsm.govt.nz/ui?state=1,1,Public Service Departments
"Ministry of Business, Innovation and Employment",https://rtab.tenancy.govt.nz/tenancybuilder/startscreen,1,Public Service Departments
"Ministry of Business, Innovation and Employment",https://sectorsdashboard.mbie.govt.nz/,1,Public Service Departments
"Ministry of Business, Innovation and Employment",https://skillfinder.immigration.govt.nz/,1,Public Service Departments
"Ministry of Business, Innovation and Employment",https://support.api.business.govt.nz/s/,22,Public Service Departments
"Ministry of Business, Innovation and Employment",https://teic.mbie.govt.nz/,100,Public Service Departments
"Ministry of Business, Innovation and Employment",https://tools.tenancy.govt.nz/heating-tool,1,Public Service Departments
"Ministry of Business, Innovation and Employment",https://trademeasurement.tradingstandards.govt.nz/,100,Public Service Departments
"Ministry of Business, Innovation and Employment",https://tradingstandardsnz.filebound.co.nz/public/search,0,Public Service Departments
"Ministry of Business, Innovation and Employment",https://utadispute.tenancy.govt.nz/app/Extra/UTA/Default.aspx?sid=639098629766028635,1,Public Service Departments
"Ministry of Business, Innovation and Employment",https://webrear.mbie.govt.nz/summary/new-zealand,1,Public Service Departments
"Ministry of Business, Innovation and Employment",https://workplacerepository.mbie.govt.nz/,6,Public Service Departments
"Ministry of Business, Innovation and Employment",https://wpb.business.govt.nz/workplacepolicybuilder/startscreen,1,Public Service Departments
"Ministry of Business, Innovation and Employment",https://www.betterforbusiness.govt.nz/,1,Public Service Departments
"Ministry of Business, Innovation and Employment",https://www.betterrules.govt.nz/,6,Public Service Departments
"Ministry of Business, Innovation and Employment",https://www.building.govt.nz/,100,Public Service Departments
"Ministry of Business, Innovation and Employment",https://www.business.govt.nz/,100,Public Service Departments
"Ministry of Business, Innovation and Employment",https://www.businessconnect.govt.nz/,83,Public Service Departments
"Ministry of Business, Innovation and Employment",https://www.canibuildit.govt.nz/,41,Public Service Departments
"Ministry of Business, Innovation and Employment",https://www.companies.gov.nu/,24,Public Service Departments
"Ministry of Business, Innovation and Employment",https://www.companiesoffice.govt.nz/,71,Public Service Departments
"Ministry of Business, Innovation and Employment",https://www.companiesoffice.govt.nz/all-registers/approved-overseas-auditors-and-associations-of-accountants/,4,Public Service Departments
"Ministry of Business, Innovation and Employment",https://www.companiesoffice.govt.nz/all-registers/auditors/,4,Public Service Departments
"Ministry of Business, Innovation and Employment",https://www.companiesoffice.govt.nz/all-registers/building-societies/,16,Public Service Departments
"Ministry of Business, Innovation and Employment",https://www.companiesoffice.govt.nz/all-registers/contributory-mortgage-brokers/,3,Public Service Departments
"Ministry of Business, Innovation and Employment",https://www.companiesoffice.govt.nz/all-registers/credit-unions/,15,Public Service Departments
"Ministry of Business, Innovation and Employment",https://www.companiesoffice.govt.nz/all-registers/friendly-societies/,1,Public Service Departments
"Ministry of Business, Innovation and Employment",https://www.companiesoffice.govt.nz/all-registers/industrial-and-provident-societies/,13,Public Service Departments
"Ministry of Business, Innovation and Employment",https://www.companiesoffice.govt.nz/all-registers/insolvency-practitioners/,13,Public Service Departments
"Ministry of Business, Innovation and Employment",https://www.companiesoffice.govt.nz/all-registers/overseas-issuers/,6,Public Service Departments
"Ministry of Business, Innovation and Employment",https://www.companiesoffice.govt.nz/all-registers/participatory-securities/,1,Public Service Departments
"Ministry of Business, Innovation and Employment",https://www.companiesoffice.govt.nz/all-registers/registered-unions/,23,Public Service Departments
"Ministry of Business, Innovation and Employment",https://www.companiesoffice.govt.nz/all-registers/retirement-villages/,37,Public Service Departments
"Ministry of Business, Innovation and Employment",https://www.companiesoffice.govt.nz/all-registers/superannuation-schemes/,1,Public Service Departments
"Ministry of Business, Innovation and Employment",https://www.companiesoffice.govt.nz/all-registers/unit-trusts/,1,Public Service Departments
"Ministry of Business, Innovation and Employment",https://www.consumerprotection.govt.nz/,100,Public Service Departments
"Ministry of Business, Innovation and Employment",https://www.einvoicing.govt.nz/,100,Public Service Departments
"Ministry of Business, Innovation and Employment",https://www.employment.govt.nz/,100,Public Service Departments
"Ministry of Business, Innovation and Employment",https://www.era.govt.nz/,31,Public Service Departments
"Ministry of Business, Innovation and Employment",https://www.ewrb.govt.nz/,100,Public Service Departments
"Ministry of Business, Innovation and Employment",https://www.gets.govt.nz/ExternalIndex.htm,100,Public Service Departments
"Ministry of Business, Innovation and Employment",https://www.gpg.govt.nz/,100,Public Service Departments
"Ministry of Business, Innovation and Employment",https://www.growregions.govt.nz/,100,Public Service Departments
"Ministry of Business, Innovation and Employment",https://www.iaa.govt.nz/,100,Public Service Departments
"Ministry of Business, Innovation and Employment",https://www.immigration.govt.nz/,100,Public Service Departments
"Ministry of Business, Innovation and Employment",https://www.immigration.govt.nz/opsmanual/,1,Public Service Departments
"Ministry of Business, Innovation and Employment",https://www.insolvency.govt.nz/,100,Public Service Departments
"Ministry of Business, Innovation and Employment",https://www.iponz.govt.nz/,100,Public Service Departments
"Ministry of Business, Innovation and Employment",https://www.lbp.govt.nz/,100,Public Service Departments
"Ministry of Business, Innovation and Employment",https://www.majorevents.govt.nz/,78,Public Service Departments
"Ministry of Business, Innovation and Employment",https://www.mbie.govt.nz/,100,Public Service Departments
"Ministry of Business, Innovation and Employment",https://www.mbieinformationresources.com/,1,Public Service Departments
"Ministry of Business, Innovation and Employment",https://www.motortraders.govt.nz/,92,Public Service Departments
"Ministry of Business, Innovation and Employment",https://www.nzbn.govt.nz/,53,Public Service Departments
"Ministry of Business, Innovation and Employment",https://www.nzcrs.govt.nz/,95,Public Service Departments
"Ministry of Business, Innovation and Employment",https://www.nzpam.govt.nz/,100,Public Service Departments
"Ministry of Business, Innovation and Employment",https://www.nzrelay.co.nz/,27,Public Service Departments
"Ministry of Business, Innovation and Employment",https://www.procurement.govt.nz/,100,Public Service Departments
"Ministry of Business, Innovation and Employment",https://www.productsafety.govt.nz/,100,Public Service Departments
"Ministry of Business, Innovation and Employment",https://www.rdti.govt.nz/,47,Public Service Departments
"Ministry of Business, Innovation and Employment",https://www.remauthority.govt.nz/,43,Public Service Departments
"Ministry of Business, Innovation and Employment",https://www.rsm.govt.nz/,100,Public Service Departments
"Ministry of Business, Innovation and Employment",https://www.skillsinconstruction.govt.nz/,27,Public Service Departments
"Ministry of Business, Innovation and Employment",https://www.standards.govt.nz/,100,Public Service Departments
"Ministry of Business, Innovation and Employment",https://www.tas.mbie.govt.nz/,14,Public Service Departments
"Ministry of Business, Innovation and Employment",https://www.tenancy.govt.nz/,100,Public Service Departments
"Ministry of Business, Innovation and Employment",https://www.tools.business.govt.nz/boost/,2,Public Service Departments
"Ministry of Business, Innovation and Employment",https://www.tools.business.govt.nz/cashflow-forecaster/,1,Public Service Departments
"Ministry of Business, Innovation and Employment",https://www.tools.business.govt.nz/climate/,3,Public Service Departments
"Ministry of Business, Innovation and Employment",https://www.tools.business.govt.nz/do-business-online/,2,Public Service Departments
"Ministry of Business, Innovation and Employment",https://www.tools.business.govt.nz/funding-explorer/,2,Public Service Departments
"Ministry of Business, Innovation and Employment",https://www.tools2.business.govt.nz/compliance-matters,1,Public Service Departments
"Ministry of Business, Innovation and Employment",https://www.tools2.business.govt.nz/employeecostcalculator,1,Public Service Departments
"Ministry of Business, Innovation and Employment",https://www.tradingstandards.govt.nz/,9,Public Service Departments
"Ministry of Business, Innovation and Employment",https://www.travellerdeclaration.govt.nz/,23,Public Service Departments
"Ministry of Business, Innovation and Employment",https://www.unittitles.govt.nz/,100,Public Service Departments
Ministry of Defence,https://jobs.defence.govt.nz/home,9,Public Service Departments
Ministry of Defence,https://www.defence.govt.nz/,100,Public Service Departments
Ministry of Education,https://aotearoahistories.education.govt.nz/,24,Public Service Departments
Ministry of Education,https://applications.education.govt.nz/,36,Public Service Departments
Ministry of Education,https://bullyingfree.nz/,89,Public Service Departments
Ministry of Education,https://careers.education.govt.nz/,7,Public Service Departments
Ministry of Education,https://curriculumprogresstools.education.govt.nz/,36,Public Service Departments
Ministry of Education,https://designsystem.education.govt.nz/,34,Public Service Departments
Ministry of Education,https://evaluationhub.education.govt.nz/,18,Public Service Departments
Ministry of Education,https://gazette.education.govt.nz/,100,Public Service Departments
Ministry of Education,https://hepikorua.education.govt.nz/,40,Public Service Departments
Ministry of Education,https://inclusive.tki.org.nz/,100,Public Service Departments
Ministry of Education,https://iya.education.govt.nz/login,2,Public Service Departments
Ministry of Education,https://kaorakaako.education.govt.nz/,74,Public Service Departments
Ministry of Education,https://kauwhatareo.govt.nz/,100,Public Service Departments
Ministry of Education,https://kowhiti-whakapae.education.govt.nz/,73,Public Service Departments
Ministry of Education,https://learningfromhome.govt.nz/,32,Public Service Departments
Ministry of Education,https://ministrycareers.education.govt.nz,1,Public Service Departments
Ministry of Education,https://ncea.education.govt.nz/,38,Public Service Departments
Ministry of Education,https://newzealandcurriculum.tahurangi.education.govt.nz/,100,Public Service Departments
Ministry of Education,https://newzealandcurriculum.tahurangi.education.govt.nz/new-zealand-curriculum-online/teaching-support/pathways-and-transitions/5637164076.c,100,Public Service Departments
Ministry of Education,https://paekupu.co.nz/,100,Public Service Departments
Ministry of Education,https://pld.education.govt.nz/,81,Public Service Departments
Ministry of Education,https://pokapuu.education.govt.nz/Security/login/,1,Public Service Departments
Ministry of Education,https://powerupplus.education.govt.nz/,1,Public Service Departments
Ministry of Education,https://school-leavers-toolkit.education.govt.nz/,73,Public Service Departments
Ministry of Education,https://terito.govt.nz/,19,Public Service Departments
Ministry of Education,https://tuiaeducation.org.nz/,15,Public Service Departments
Ministry of Education,https://workforce.education.govt.nz,60,Public Service Departments
Ministry of Education,https://www.education.govt.nz/,100,Public Service Departments
Ministry of Education,https://www.educationcounts.govt.nz/home,100,Public Service Departments
Ministry of Education,https://www.tki.org.nz/,100,Public Service Departments
Ministry of Education,https://youthguarantee.education.govt.nz,100,Public Service Departments
Ministry of Education,https://zero.education.govt.nz/,5,Public Service Departments
Ministry of Foreign Affairs and Trade,https://devdata.mfat.govt.nz/,100,Public Service Departments
Ministry of Foreign Affairs and Trade,https://services-exporter-tool.govt.nz/,0,Public Service Departments
Ministry of Foreign Affairs and Trade,https://treaties.mfat.govt.nz/,6,Public Service Departments
Ministry of Foreign Affairs and Trade,https://vacancies.mfat.govt.nz/,1,Public Service Departments
Ministry of Foreign Affairs and Trade,https://www.mfat.govt.nz/,100,Public Service Departments
Ministry of Foreign Affairs and Trade,https://www.safetravel.govt.nz/,100,Public Service Departments
Ministry of Foreign Affairs and Trade,https://www.tariff-finder.govt.nz/,3,Public Service Departments
Ministry of Foreign Affairs and Trade,https://www.tradebarriers.govt.nz/,7,Public Service Departments
Ministry of Health,https://acart.health.govt.nz/,64,Public Service Departments
Ministry of Health,https://consult.health.govt.nz/,100,Public Service Departments
Ministry of Health,https://ecart.health.govt.nz/,23,Public Service Departments
Ministry of Health,https://ethics.health.govt.nz/,100,Public Service Departments
Ministry of Health,https://health.wd105.myworkdayjobs.com/External,26,Public Service Departments
Ministry of Health,https://minhealthnz.shinyapps.io/national-gambling-study-data-explorer/,0,Public Service Departments
Ministry of Health,https://minhealthnz.shinyapps.io/nz-health-survey-2022-23-mental-health-data-explorer/,2,Public Service Departments
Ministry of Health,https://minhealthnz.shinyapps.io/nz-health-survey-2024-25-annual-data-explorer/,2,Public Service Departments
Ministry of Health,https://minhealthnz.shinyapps.io/WhakamauaDashboard/,2,Public Service Departments
Ministry of Health,https://neac.health.govt.nz/,91,Public Service Departments
Ministry of Health,https://tatai.maori.nz/,4,Public Service Departments
Ministry of Health,https://tatou.health.govt.nz/,100,Public Service Departments
Ministry of Health,https://www.health.govt.nz/,100,Public Service Departments
Ministry of Health,https://www.medsafe.govt.nz/,100,Public Service Departments
Ministry of Housing and Urban Development,https://www.chra.hud.govt.nz/,40,Public Service Departments
Ministry of Housing and Urban Development,https://www.hud.govt.nz/,100,Public Service Departments
Ministry of Justice,https://apply.justice.govt.nz/,51,Public Service Departments
Ministry of Justice,https://chiefvictimsadvisor.justice.govt.nz/,19,Public Service Departments
Ministry of Justice,https://consultations.justice.govt.nz/,100,Public Service Departments
Ministry of Justice,https://coronerscourt.govt.nz/,90,Public Service Departments
Ministry of Justice,https://hearings.courtsofnz.govt.nz/,11,Public Service Departments
Ministry of Justice,https://humanrights.govt.nz/,1,Public Service Departments
Ministry of Justice,https://jcc.govt.nz/,5,Public Service Departments
Ministry of Justice,https://pjsp.govt.nz/,100,Public Service Departments
Ministry of Justice,https://sexualviolence.victimsinfo.govt.nz/,48,Public Service Departments
Ministry of Justice,https://tekura.courts.govt.nz/,7,Public Service Departments
Ministry of Justice,https://victimsinfo.govt.nz/,44,Public Service Departments
Ministry of Justice,https://www.courtsofnz.govt.nz/,100,Public Service Departments
Ministry of Justice,https://www.disputestribunal.govt.nz/,25,Public Service Departments
Ministry of Justice,https://www.districtcourts.govt.nz/,100,Public Service Departments
Ministry of Justice,https://www.employmentcourt.govt.nz/,84,Public Service Departments
Ministry of Justice,https://www.environmentcourt.govt.nz/,75,Public Service Departments
Ministry of Justice,https://www.justice.govt.nz/,100,Public Service Departments
Ministry of Justice,https://www.pds.govt.nz/,9,Public Service Departments
Ministry of Justice,https://www.waitangitribunal.govt.nz/,100,Public Service Departments
Ministry of Justice,https://www.xn--morilandcourt-wqb.govt.nz/,100,Public Service Departments
Ministry of Justice,https://www.youthcourt.govt.nz/home-2/,1,Public Service Departments
Ministry of Justice,https://www2.justice.govt.nz/elibsonline/,21,Public Service Departments
Ministry of Regulation,https://careers.regulation.govt.nz/,26,Public Service Departments
Ministry of Regulation,https://consultation.regulation.govt.nz/,32,Public Service Departments
Ministry of Regulation,https://www.regulation.govt.nz/,100,Public Service Departments
Ministry of Social Development,https://annualreport2021.msd.govt.nz/,100,Public Service Departments
Ministry of Social Development,https://api.msd.govt.nz/,13,Public Service Departments
Ministry of Social Development,https://businessonlineservices.msd.govt.nz/bos/MSDProviderLogon.jsp,1,Public Service Departments
Ministry of Social Development,https://check.msd.govt.nz/,7,Public Service Departments
Ministry of Social Development,https://digitalsuite.co.nz/,4,Public Service Departments
Ministry of Social Development,https://ea.analytics.msd.govt.nz/,1,Public Service Departments
Ministry of Social Development,https://etuwhanau.org.nz/,100,Public Service Departments
Ministry of Social Development,https://form.abuseincaretopups.govt.nz/online_forms/top_up_resolved_claim_form/new,1,Public Service Departments
Ministry of Social Development,https://forum.changeispossible.org.nz/,100,Public Service Departments
Ministry of Social Development,https://jobs.msd.govt.nz/,100,Public Service Departments
Ministry of Social Development,https://my.msd.govt.nz/,8,Public Service Departments
Ministry of Social Development,https://my.studylink.govt.nz/my/studylink/help/general-info.html,13,Public Service Departments
Ministry of Social Development,https://my.studylink.govt.nz/mystudylink/logon.html,1,Public Service Departments
Ministry of Social Development,https://my.studylink.govt.nz/mystudylink/logon_mobile.html,1,Public Service Departments
Ministry of Social Development,https://providers.studylink.govt.nz/,84,Public Service Departments
Ministry of Social Development,https://providers.youthservice.govt.nz/,100,Public Service Departments
Ministry of Social Development,https://services.workandincome.govt.nz/ua/supplier_registration,2,Public Service Departments
Ministry of Social Development,https://sft.org.nz/,7,Public Service Departments
Ministry of Social Development,https://tehekemai.co.nz/,3,Public Service Departments
Ministry of Social Development,https://www.abuseincaretopups.govt.nz/,6,Public Service Departments
Ministry of Social Development,https://www.areyouok.org.nz/,87,Public Service Departments
Ministry of Social Development,https://www.changeispossible.org.nz/,30,Public Service Departments
Ministry of Social Development,https://www.connect.co.nz/,5,Public Service Departments
Ministry of Social Development,https://www.connected.govt.nz/,60,Public Service Departments
Ministry of Social Development,https://www.digitalpassport.co.nz/,13,Public Service Departments
Ministry of Social Development,https://www.disabilitysupport.govt.nz/,100,Public Service Departments
Ministry of Social Development,https://www.familyservices.govt.nz/directory/,100,Public Service Departments
Ministry of Social Development,https://www.fincap.org.nz/,100,Public Service Departments
Ministry of Social Development,https://www.heartlandservices.govt.nz/,47,Public Service Departments
Ministry of Social Development,https://www.lovebetter.org.nz/,100,Public Service Departments
Ministry of Social Development,https://www.moneymanagementsuppliers.workandincome.govt.nz/,1,Public Service Departments
Ministry of Social Development,https://www.moneytalks.co.nz/,18,Public Service Departments
Ministry of Social Development,https://www.msd.govt.nz/,100,Public Service Departments
Ministry of Social Development,https://www.myd.govt.nz/,100,Public Service Departments
Ministry of Social Development,https://www.officeforseniors.govt.nz/,100,Public Service Departments
Ministry of Social Development,https://www.pasefikaproud.co.nz/,100,Public Service Departments
Ministry of Social Development,https://www.safetotalk.nz/,22,Public Service Departments
Ministry of Social Development,https://www.studylink.govt.nz/,100,Public Service Departments
Ministry of Social Development,https://www.supergold.govt.nz/,100,Public Service Departments
Ministry of Social Development,https://www.tehaorangahau.msd.govt.nz/,100,Public Service Departments
Ministry of Social Development,https://www.workandincome.govt.nz/,100,Public Service Departments
Ministry of Social Development,https://www.workandincome.govt.nz/map/index.html,100,Public Service Departments
Ministry of Social Development,https://www.xn--tekhuikhu-7bbe.govt.nz/,25,Public Service Departments
Ministry of Social Development,https://www.youthservice.govt.nz/,38,Public Service Departments
Ministry of Transport,https://nzsar-resources.org.nz/,25,Public Service Departments
Ministry of Transport,https://www.knowledgehub.transport.govt.nz/,7,Public Service Departments
Ministry of Transport,https://www.maliat.govt.nz/,10,Public Service Departments
Ministry of Transport,https://www.nzsar.govt.nz/,100,Public Service Departments
Ministry of Transport,https://www.transport.govt.nz/,100,Public Service Departments
National Emergency Management Agency,https://ar.getready.govt.nz/,60,Public Service Departmental Agencies
National Emergency Management Agency,https://ci.getready.govt.nz/,60,Public Service Departmental Agencies
National Emergency Management Agency,https://er.getready.govt.nz/,35,Public Service Departmental Agencies
National Emergency Management Agency,https://es.getready.govt.nz/,100,Public Service Departmental Agencies
National Emergency Management Agency,https://getready.govt.nz/,100,Public Service Departmental Agencies
National Emergency Management Agency,https://hi.getready.govt.nz/,60,Public Service Departmental Agencies
National Emergency Management Agency,https://ja.getready.govt.nz/,60,Public Service Departmental Agencies
National Emergency Management Agency,https://mi.getready.govt.nz/,69,Public Service Departmental Agencies
National Emergency Management Agency,https://nu.getready.govt.nz/,60,Public Service Departmental Agencies
National Emergency Management Agency,https://nzsl.getready.govt.nz/,45,Public Service Departmental Agencies
National Emergency Management Agency,https://pa.getready.govt.nz/,60,Public Service Departmental Agencies
National Emergency Management Agency,https://sm.getready.govt.nz/,100,Public Service Departmental Agencies
National Emergency Management Agency,https://takatu.civildefence.govt.nz/,2,Public Service Departmental Agencies
National Emergency Management Agency,https://tl.getready.govt.nz/,100,Public Service Departmental Agencies
National Emergency Management Agency,https://to.getready.govt.nz/,100,Public Service Departmental Agencies
National Emergency Management Agency,https://www.civildefence.govt.nz/,100,Public Service Departmental Agencies
National Emergency Management Agency,https://zh-hans.getready.govt.nz/,60,Public Service Departmental Agencies
National Emergency Management Agency,https://zh-hant.getready.govt.nz/,60,Public Service Departmental Agencies
Natural Hazards Commission,https://www.naturalhazards.govt.nz/,100,Crown Entities - Crown Agents
Natural Hazards Commission,https://www.naturalhazardsportal.govt.nz/s/,1,Crown Entities - Crown Agents
New Zealand Customs Service,https://careers.customs.govt.nz/home,39,Public Service Departments
New Zealand Customs Service,https://www.customs.govt.nz/,100,Public Service Departments
New Zealand Customs Service,https://www.tsw.govt.nz/external/application/login/app.html,1,Public Service Departments
New Zealand Defence Force,https://airforcemuseum.co.nz/,100,Non-Public Service Departments
New Zealand Defence Force,https://cadetforces.org.nz/,19,Non-Public Service Departments
New Zealand Defence Force,https://force4families.mil.nz/,100,Non-Public Service Departments
New Zealand Defence Force,https://health.nzdf.mil.nz/,100,Non-Public Service Departments
New Zealand Defence Force,https://navymuseum.co.nz/,100,Non-Public Service Departments
New Zealand Defence Force,https://www.armymuseum.co.nz/,100,Non-Public Service Departments
New Zealand Defence Force,https://www.cadetnet.org.nz/,7,Non-Public Service Departments
New Zealand Defence Force,https://www.defencecareers.mil.nz/,100,Non-Public Service Departments
New Zealand Defence Force,https://www.nzdf.mil.nz/nzdf/,100,Non-Public Service Departments
New Zealand Defence Force,https://www.veteransaffairs.mil.nz/,100,Non-Public Service Departments
New Zealand Police,https://www.newcops.govt.nz/,74,Non-Public Service Departments
New Zealand Police,https://www.police.govt.nz/,3,Non-Public Service Departments
New Zealand Security Intelligence Service,https://providinginformation.nzsis.govt.nz/,1,Public Service Departments
New Zealand Security Intelligence Service,https://www.nzsis.govt.nz/,100,Public Service Departments
New Zealand Security Intelligence Service,https://www.protectivesecurity.govt.nz/,63,Public Service Departments
Oranga Tamariki,https://mahi.orangatamariki.govt.nz/home,100,Public Service Departments
Oranga Tamariki,https://practice.orangatamariki.govt.nz/,100,Public Service Departments
Oranga Tamariki,https://www.childrensday.org.nz/,4,Public Service Departments
Oranga Tamariki,https://www.hcn.govt.nz/,4,Public Service Departments
Oranga Tamariki,https://www.orangatamariki.govt.nz/,100,Public Service Departments
Oranga Tamariki,https://www.orangatamarikiactionplan.govt.nz/,26,Public Service Departments
Oranga Tamariki,https://www.strengtheningfamilies.govt.nz/,17,Public Service Departments
Oranga Tamariki,https://youthwork.orangatamariki.govt.nz/,1,Public Service Departments
Parliamentary Counsel Office,https://disclosure.legislation.govt.nz/,100,Non-Public Service Departments
Parliamentary Counsel Office,https://www.ldac.org.nz/,100,Non-Public Service Departments
Parliamentary Counsel Office,https://www.pco.govt.nz/,100,Non-Public Service Departments
Public Service Commission,https://gwn.govt.nz/,100,Public Service Departments
Public Service Commission,https://www.abuseinquiryresponse.govt.nz/,100,Public Service Departments
Public Service Commission,https://www.ldc.govt.nz/,100,Public Service Departments
Public Service Commission,https://www.publicservice.govt.nz/,100,Public Service Departments
Public Service Commission,https://www.publicservicefale.govt.nz/,14,Public Service Departments
Public Service Commission,https://www.redress.govt.nz/,10,Public Service Departments
Serious Fraud Office,https://www.sfo.govt.nz/,100,Public Service Departments
Social Investment Agency,https://thehub.sia.govt.nz/,100,Public Service Departments
Social Investment Agency,https://www.sia.govt.nz/,100,Public Service Departments
Statistics New Zealand,https://aria.stats.govt.nz/aria/,1,Public Service Departments
Statistics New Zealand,https://aria.stats.govt.nz/aria-coding/search,1,Public Service Departments
Statistics New Zealand,https://datainfoplus.stats.govt.nz/,100,Public Service Departments
Statistics New Zealand,https://explore.data.stats.govt.nz/,1,Public Service Departments
Statistics New Zealand,https://infoshare.stats.govt.nz,13,Public Service Departments
Statistics New Zealand,https://portal.apis.stats.govt.nz/,9,Public Service Departments
Statistics New Zealand,https://tools.summaries.stats.govt.nz/,100,Public Service Departments
Statistics New Zealand,https://www.stats.govt.nz,100,Public Service Departments
Te Puni Kōkiri,https://tehaeata.govt.nz/nau-mai-haere-mai-ki-te-haeata?destination=/kia-ora,9,Public Service Departments
Te Puni Kōkiri,https://www.tkm.govt.nz/,1,Public Service Departments
Te Puni Kōkiri,https://www.tpk.govt.nz/en,1,Public Service Departments
Te Puni Kōkiri,https://www.tupu.nz/,100,Public Service Departments
Te Tari Whakatau,https://maca-nds.maps.arcgis.com/home/index.html,1,Public Service Departmental Agencies
Te Tari Whakatau,https://storymaps.arcgis.com/stories/03a5d8c628b9439bbdcbef3e7974c3d6,3,Public Service Departmental Agencies
Te Tari Whakatau,https://whakatau.govt.nz/,100,Public Service Departmental Agencies
The Treasury,https://budget.govt.nz/,100,Public Service Departments
The Treasury,https://centralagenciesjobs.cass.govt.nz/home,51,Public Service Departments
The Treasury,https://debtmanagement.treasury.govt.nz/,100,Public Service Departments
The Treasury,https://exportcredit.treasury.govt.nz/,100,Public Service Departments
The Treasury,https://lsfdashboard.treasury.govt.nz/wellbeing/,1,Public Service Departments
The Treasury,https://www.boardappointments.co.nz/,17,Public Service Departments
The Treasury,https://www.treasury.govt.nz/,100,Public Service Departments
Whaikaha,https://www.nzsl.govt.nz/,100,Public Service Departments
Whaikaha,https://www.strategicintentions.whaikaha.govt.nz/,1,Public Service Departments
Whaikaha,https://www.supportmydecisions.nz/,26,Public Service Departments
Whaikaha,https://www.whaikaha.govt.nz/,100,Public Service Departments